"Symbol","Name","LastSale","MarketCap","ADR TSO","IPOyear","Sector","Industry","Summary Quote",
"XXII","22nd Century Group, Inc","1.42","100772918.48","n/a","n/a","Consumer Non-Durables","Farming/Seeds/Milling","http://www.nasdaq.com/symbol/xxii",
"FAX","Aberdeen Asia-Pacific Income Fund Inc","4.6","1227546468.8","n/a","1986","n/a","n/a","http://www.nasdaq.com/symbol/fax",
"IAF","Aberdeen Australia Equity Fund Inc","5.46","125244302.82","n/a","n/a","n/a","n/a","http://www.nasdaq.com/symbol/iaf",
"CH","Aberdeen Chile Fund, Inc.","5.73","53784627.81","n/a","n/a","n/a","n/a","http://www.nasdaq.com/symbol/ch",
"ABE           ","Aberdeen Emerging Markets Smaller Company Opportunities Fund I","10.9089","106522484.9148","n/a","n/a","n/a","n/a","http://www.nasdaq.com/symbol/abe           ",
"FCO","Aberdeen Global Income Fund, Inc.","7.7201","69532037.9424","n/a","1992","n/a","n/a","http://www.nasdaq.com/symbol/fco",
"IF","Aberdeen Indonesia Fund, Inc.","5.79","54919580.13","n/a","1990","n/a","n/a","http://www.nasdaq.com/symbol/if",
"ISL","Aberdeen Israel Fund, Inc.","17.3301","69972098.4105","n/a","1992","n/a","n/a","http://www.nasdaq.com/symbol/isl",
"ACU","Acme United Corporation.","16.82","56693340.62","n/a","1988","Capital Goods","Industrial Machinery/Components","http://www.nasdaq.com/symbol/acu",
"AIII","ACRE Realty Investors, Inc.","1.3","26088649.6","n/a","n/a","Consumer Services","Real Estate Investment Trusts","http://www.nasdaq.com/symbol/aiii",
"ATNM","Actinium Pharmaceuticals, Inc.","2.82","118489206.18","n/a","n/a","Health Care","Major Pharmaceuticals","http://www.nasdaq.com/symbol/atnm",
"AE","Adams Resources & Energy, Inc.","35.24","148628083.04","n/a","n/a","Energy","Oil Refining/Marketing","http://www.nasdaq.com/symbol/ae",
"ADK","Adcare Health Systems Inc","2.34","46571342.22","n/a","n/a","Health Care","Hospital/Nursing Management","http://www.nasdaq.com/symbol/adk",
"ADK^A","Adcare Health Systems Inc","22.35","0","n/a","n/a","n/a","n/a","http://www.nasdaq.com/symbol/adk^a",
"ACY","AeroCentury Corp.","11.85","18287595.45","n/a","n/a","Technology","Diversified Commercial Services","http://www.nasdaq.com/symbol/acy",
"WGA","AG&E Holdings, Inc.","0.5","5834000","n/a","n/a","Technology","Radio And Television Broadcasting And Communications Equipment","http://www.nasdaq.com/symbol/wga",
"AIRI","Air Industries Group","7.91","59799916.4","n/a","n/a","Capital Goods","Military/Government/Technical","http://www.nasdaq.com/symbol/airi",
"AA^","Alcoa Inc.","83.5","0","n/a","n/a","Capital Goods","Metal Fabrications","http://www.nasdaq.com/symbol/aa^",
"AXU","Alexco Resource Corp","0.3831","29631261.0282","n/a","n/a","Basic Industries","Precious Metals","http://www.nasdaq.com/symbol/axu",
"AAU","Almaden Minerals, Ltd.","0.72","56205348.48","n/a","2015","Basic Industries","Precious Metals","http://www.nasdaq.com/symbol/aau",
"APT","Alpha Pro Tech, Ltd.","1.68","30507882.72","n/a","n/a","Health Care","Industrial Specialties","http://www.nasdaq.com/symbol/apt",
"AAMC","Altisource Asset Management Corp","18.01","39860128.22","n/a","n/a","Finance","Real Estate","http://www.nasdaq.com/symbol/aamc",
"DIT","AMCON Distributing Company","80.74","51248988.34","n/a","n/a","Consumer Non-Durables","Food Distributors","http://www.nasdaq.com/symbol/dit",
"ADGE","American DG Energy Inc.","0.36","18246274.2","n/a","n/a","Public Utilities","Power Generation","http://www.nasdaq.com/symbol/adge",
"AFCO","American Farmland Company","7.02","118573745.94","n/a","2015","Consumer Services","Real Estate Investment Trusts","http://www.nasdaq.com/symbol/afco",
"ALN","American Lorain Corporation","1.0899","41699018.151","n/a","n/a","Consumer Non-Durables","Packaged Foods","http://www.nasdaq.com/symbol/aln",
"AMS","American Shared Hospital Services","1.6","8582635.2","n/a","n/a","Health Care","Medical Specialities","http://www.nasdaq.com/symbol/ams",
"AMPE","Ampio Pharmaceuticals, Inc.","3.45","179394155.7","n/a","n/a","Health Care","Major Pharmaceuticals","http://www.nasdaq.com/symbol/ampe",
"APHB","AmpliPhi Biosciences Corporation","4.11","24181197.33","n/a","n/a","Health Care","Biotechnology: Biological Products (No Diagnostic Substances)","http://www.nasdaq.com/symbol/aphb",
"AXN","Aoxing Pharmaceutical Company, Inc.","0.91","67612267.45","n/a","n/a","Health Care","Major Pharmaceuticals","http://www.nasdaq.com/symbol/axn",
"AMCO","Armco Metals Holdings, Inc.","0.43","3501845.61","n/a","n/a","Consumer Durables","Steel/Iron Ore","http://www.nasdaq.com/symbol/amco",
"HRT","Arrhythmia Research Technology Inc.","5.636","15738749.804","n/a","n/a","Health Care","Biotechnology: Electromedical & Electrotherapeutic Apparatus","http://www.nasdaq.com/symbol/hrt",
"AKG","Asanko Gold Inc.","1.52","299433322.64","n/a","n/a","Basic Industries","Mining & Quarrying of Nonmetallic Minerals (No Fuels)","http://www.nasdaq.com/symbol/akg",
"AINC","Ashford Inc.","55","110555720","n/a","2014","Consumer Services","Professional Services","http://www.nasdaq.com/symbol/ainc",
"ASB.WS","Associated Banc-Corp","n/a","0","n/a","n/a","n/a","n/a","http://www.nasdaq.com/symbol/asb.ws",
"AST","Asterias Biotherapeutics, Inc.","4.07","153204913.95","n/a","n/a","Health Care","Biotechnology: Biological Products (No Diagnostic Substances)","http://www.nasdaq.com/symbol/ast",
"AWX","Avalon Holdings Corporation","1.97","7492562.07","n/a","n/a","Public Utilities","Environmental Services","http://www.nasdaq.com/symbol/awx",
"ASM","Avino Silver","0.89","32719078.01","n/a","n/a","Basic Industries","Precious Metals","http://www.nasdaq.com/symbol/asm",
"BTG","B2Gold Corp","1.05","973263419.1","n/a","n/a","Basic Industries","Precious Metals","http://www.nasdaq.com/symbol/btg",
"BTN","Ballantyne Strong, Inc","4.51","63876239.46","n/a","n/a","Miscellaneous","Industrial Machinery/Components","http://www.nasdaq.com/symbol/btn",
"BKJ","Bancorp of New Jersey, Inc","11","68642651","n/a","n/a","Finance","Major Banks","http://www.nasdaq.com/symbol/bkj",
"BCV","Bancroft Fund Limited","18.17","93234921.52","n/a","n/a","n/a","n/a","http://www.nasdaq.com/symbol/bcv",
"BAA","BANRO CORPORATION","0.171","43117764.912","n/a","n/a","Basic Industries","Precious Metals","http://www.nasdaq.com/symbol/baa",
"BHB","Bar Harbor Bankshares, Inc.","34.77","208523721.87","n/a","n/a","Finance","Major Banks","http://www.nasdaq.com/symbol/bhb",
"BRN","Barnwell Industries, Inc.","1.9","15726604","n/a","n/a","Energy","Oil & Gas Production","http://www.nasdaq.com/symbol/brn",
"BGSF","BG Staffing Inc","13.724","101275887.452","n/a","n/a","Technology","Professional Services","http://www.nasdaq.com/symbol/bgsf",
"BPMX","BioPharmX Corporation","1.47","31000978.47","n/a","2015","Basic Industries","Engineering & Construction","http://www.nasdaq.com/symbol/bpmx",
"BTX","BioTime, Inc.","4.26","404249087.52","n/a","n/a","Health Care","Biotechnology: Biological Products (No Diagnostic Substances)","http://www.nasdaq.com/symbol/btx",
"BTX.WS","BioTime, Inc.","n/a","0","n/a","n/a","n/a","n/a","http://www.nasdaq.com/symbol/btx.ws",
"BGI","Birks Group Inc.","0.44","7902787.64","n/a","n/a","Consumer Services","Consumer Specialties","http://www.nasdaq.com/symbol/bgi",
"BZM","BlackRock Maryland Municipal Bond Trust","14.6101","30340414.8074","n/a","2002","n/a","n/a","http://www.nasdaq.com/symbol/bzm",
"MHE","BlackRock Massachusetts Tax-Exempt Trust","13.23","31299586.92","n/a","1993","n/a","n/a","http://www.nasdaq.com/symbol/mhe",
"BLE","BlackRock Municipal Income Trust II","15.19","356515694.99","n/a","2002","n/a","n/a","http://www.nasdaq.com/symbol/ble",
"BLJ","Blackrock New Jersey Municipal Bond Trust","14.52","33759551.76","n/a","2002","n/a","n/a","http://www.nasdaq.com/symbol/blj",
"BFY","BlackRock New York Municipal Income Trust II","14.76","73783926.36","n/a","2002","n/a","n/a","http://www.nasdaq.com/symbol/bfy",
"BHV","BlackRock Virginia Municipal Bond Trust","19.5","31076136","n/a","2002","n/a","n/a","http://www.nasdaq.com/symbol/bhv",
"BDR","Blonder Tongue Laboratories, Inc.","0.37","2425252.32","n/a","n/a","Technology","Radio And Television Broadcasting And Communications Equipment","http://www.nasdaq.com/symbol/bdr",
"BRG","Bluerock Residential Growth REIT, Inc.","11.88","232315704.72","n/a","2014","Consumer Services","Real Estate Investment Trusts","http://www.nasdaq.com/symbol/brg",
"BRG^A","Bluerock Residential Growth REIT, Inc.","25.2","0","n/a","n/a","n/a","n/a","http://www.nasdaq.com/symbol/brg^a",
"BVX","Bovie Medical Corporation","1.91","51941019.41","n/a","n/a","Health Care","Medical/Dental Instruments","http://www.nasdaq.com/symbol/bvx",
"BWL.A","Bowl America, Inc.","n/a","0","n/a","n/a","n/a","n/a","http://www.nasdaq.com/symbol/bwl.a",
"BZC","Breeze-Eastern Corporation","19.58","194120858.36","n/a","n/a","Capital Goods","Military/Government/Technical","http://www.nasdaq.com/symbol/bzc",
"BTI","British American Tobacco p.l.c.","111.63","104051365735.83","n/a","n/a","Consumer Non-Durables","Farming/Seeds/Milling","http://www.nasdaq.com/symbol/bti",
"CANF","Can-Fite Biopharma Ltd","3.13","33360441.44","n/a","n/a","Health Care","Major Pharmaceuticals","http://www.nasdaq.com/symbol/canf",
"ROX","Castle Brands, Inc.","1.24","198442735.36","n/a","2006","Consumer Non-Durables","Beverages (Production/Distribution)","http://www.nasdaq.com/symbol/rox",
"CAW","CCA Industries, Inc.","3.09","21650653.56","n/a","n/a","Consumer Non-Durables","Package Goods/Cosmetics","http://www.nasdaq.com/symbol/caw",
"CVM","Cel-Sci Corporation","0.377","48999498.288","n/a","n/a","Health Care","Biotechnology: Biological Products (No Diagnostic Substances)","http://www.nasdaq.com/symbol/cvm",
"CVM.WS","Cel-Sci Corporation","n/a","0","n/a","n/a","n/a","n/a","http://www.nasdaq.com/symbol/cvm.ws",
"CEF","Central Fund of Canada Limited","10.13","2577403382.69","n/a","n/a","n/a","n/a","http://www.nasdaq.com/symbol/cef",
"GTU","Central Gold Trust","38.26","738379740","n/a","n/a","n/a","n/a","http://www.nasdaq.com/symbol/gtu",
"CET","Central Securities Corporation","19.05","463121330.55","n/a","n/a","n/a","n/a","http://www.nasdaq.com/symbol/cet",
"LEU","Centrus Energy Corp.","1.49","13410000","n/a","2014","Basic Industries","Mining & Quarrying of Nonmetallic Minerals (No Fuels)","http://www.nasdaq.com/symbol/leu",
"CCF","Chase Corporation","40.61","374083197.83","n/a","n/a","Consumer Durables","Building Products","http://www.nasdaq.com/symbol/ccf",
"CQH","Cheniere Energy Partners LP Holdings, LLC","17.38","4026946000","n/a","2013","Public Utilities","Oil/Gas Transmission","http://www.nasdaq.com/symbol/cqh",
"CQP","Cheniere Energy Partners, LP","26.4","8918408743.2","n/a","2007","Public Utilities","Oil/Gas Transmission","http://www.nasdaq.com/symbol/cqp",
"LNG","Cheniere Energy, Inc.","37.26","8794576725.3","n/a","n/a","Public Utilities","Oil/Gas Transmission","http://www.nasdaq.com/symbol/lng",
"CVR","Chicago Rivet & Machine Co.","23.5","22704102","n/a","n/a","Technology","Industrial Machinery/Components","http://www.nasdaq.com/symbol/cvr",
"CNR","China Metro-Rural Holdings Limited","0.8701","63990444.7182","n/a","n/a","Finance","Real Estate","http://www.nasdaq.com/symbol/cnr",
"CPHI","China Pharma Holdings, Inc.","0.1626","7086035.9682","n/a","n/a","Health Care","Major Pharmaceuticals","http://www.nasdaq.com/symbol/cphi",
"CKX","CKX Lands, Inc.","10","19424950","n/a","n/a","Energy","Oil & Gas Production","http://www.nasdaq.com/symbol/ckx",
"GLV","Clough Global Allocation Fund","13.58","141651689.9","n/a","2004","n/a","n/a","http://www.nasdaq.com/symbol/glv",
"GLQ","Clough Global Equity Fund","12.69","226124429.76","n/a","2005","n/a","n/a","http://www.nasdaq.com/symbol/glq",
"GLO","Clough Global Opportunities Fund","10.51","543371813.58","n/a","2006","n/a","n/a","http://www.nasdaq.com/symbol/glo",
"MOC","Command Security Corporation","2.26","22131316.68","n/a","n/a","Consumer Services","Diversified Commercial Services","http://www.nasdaq.com/symbol/moc",
"CIX","CompX International Inc.","11.1","137763287.7","n/a","1998","Capital Goods","Industrial Machinery/Components","http://www.nasdaq.com/symbol/cix",
"LODE","Comstock Mining, Inc.","0.3813","57939245.7432","n/a","n/a","Basic Industries","Precious Metals","http://www.nasdaq.com/symbol/lode",
"CTO","Consolidated-Tomoka Land Co.","52.75","313567733","n/a","n/a","Finance","Real Estate","http://www.nasdaq.com/symbol/cto",
"MCF","Contango Oil & Gas Company","6.27","121657311.6","n/a","n/a","Energy","Oil & Gas Production","http://www.nasdaq.com/symbol/mcf",
"CUO","Continental Materials Corporation","14.32","23802231.44","n/a","n/a","Capital Goods","Building Materials","http://www.nasdaq.com/symbol/cuo",
"CMT","Core Molding Technologies Inc","12.85","99086350","n/a","n/a","Consumer Non-Durables","Plastic Products","http://www.nasdaq.com/symbol/cmt",
"CVRS","Corindus Vascular Robotics, Inc.","3.15","373496130","n/a","2015","Health Care","Medical/Dental Instruments","http://www.nasdaq.com/symbol/cvrs",
"CRMD","CorMedix Inc","2.05","72521829.1","n/a","n/a","Health Care","Major Pharmaceuticals","http://www.nasdaq.com/symbol/crmd",
"CRF","Cornerstone Strategic Return Fund, Inc. (The)","16.55","76400261.5","n/a","n/a","n/a","n/a","http://www.nasdaq.com/symbol/crf",
"CLM","Cornerstone Strategic Value Fund, Inc.","15.53","327074891.79","n/a","1987","n/a","n/a","http://www.nasdaq.com/symbol/clm",
"CVU","CPI Aerostructures, Inc.","9.68","83027838.08","n/a","n/a","Capital Goods","Military/Government/Technical","http://www.nasdaq.com/symbol/cvu",
"CIK","Credit Suisse Asset Management Income Fund, Inc.","2.8","146320190.8","n/a","n/a","n/a","n/a","http://www.nasdaq.com/symbol/cik",
"DHY","Credit Suisse High Yield Bond Fund","2.28","227759391.6","n/a","1998","n/a","n/a","http://www.nasdaq.com/symbol/dhy",
"CRHM","CRH Medical Corporation","2.8863","204856721.3061","n/a","2015","Health Care","Medical/Dental Instruments","http://www.nasdaq.com/symbol/crhm",
"CRVP","Crystal Rock Holdings, Inc.","0.58","12387878.38","n/a","n/a","Consumer Non-Durables","Food Distributors","http://www.nasdaq.com/symbol/crvp",
"CVSL","CVSL Inc.","1","34367095","n/a","2014","Consumer Services","Other Consumer Services","http://www.nasdaq.com/symbol/cvsl",
"DAKP","Dakota Plains Holdings, Inc.","0.27","14873758.92","n/a","n/a","Energy","Oil Refining/Marketing","http://www.nasdaq.com/symbol/dakp",
"DXR","Daxor Corporation","7.76","29990297.04","n/a","n/a","Health Care","Medical/Dental Instruments","http://www.nasdaq.com/symbol/dxr",
"VCF","Delaware Investments Colorado Municipal Income Fund, Inc","14.6217","70726625.07","n/a","1993","n/a","n/a","http://www.nasdaq.com/symbol/vcf",
"VFL","Delaware Investments Florida Insured Municipal Income Fund","13.08","59232034.44","n/a","1993","n/a","n/a","http://www.nasdaq.com/symbol/vfl",
"VMM","Delaware Investments Minnesota Municipal Income Fund II, Inc.","13.35","153591416.25","n/a","1993","n/a","n/a","http://www.nasdaq.com/symbol/vmm",
"DLA","Delta Apparel, Inc.","14.92","115593878.68","n/a","n/a","Consumer Non-Durables","Apparel","http://www.nasdaq.com/symbol/dla",
"DNN","Denison Mine Corp","0.44","228113014.36","n/a","n/a","Basic Industries","Precious Metals","http://www.nasdaq.com/symbol/dnn",
"DGSE","DGSE Companies, Inc.","0.32","3934862.72","n/a","n/a","Consumer Services","Consumer Specialties","http://www.nasdaq.com/symbol/dgse",
"DPW","Digital Power Corporation","0.6","4065582.6","n/a","n/a","Capital Goods","Industrial Machinery/Components","http://www.nasdaq.com/symbol/dpw",
"DSS","Document Security Systems, Inc.","0.1857","9611265.2436","n/a","n/a","Consumer Durables","Containers/Packaging","http://www.nasdaq.com/symbol/dss",
"DMF","Dreyfus Municipal Income, Inc.","9.43","195421652.57","n/a","1988","n/a","n/a","http://www.nasdaq.com/symbol/dmf",
"DXI","DXI Energy Inc.","0.18","6569050.14","n/a","n/a","Energy","Oil & Gas Production","http://www.nasdaq.com/symbol/dxi",
"GRF","Eagle Capital Growth Fund, Inc.","7.67","23969701.08","n/a","n/a","n/a","n/a","http://www.nasdaq.com/symbol/grf",
"ESTE","Earthstone Energy, Inc.","14.05","194383548.4","n/a","n/a","Energy","Oil & Gas Production","http://www.nasdaq.com/symbol/este",
"EVM","Eaton Vance California Municipal Bond Fund","12.03","257335967.58","n/a","2002","n/a","n/a","http://www.nasdaq.com/symbol/evm",
"EIA","Eaton Vance California Municipal Bond Fund II","12.7799","49659611.4441","n/a","2002","n/a","n/a","http://www.nasdaq.com/symbol/eia",
"CEV","Eaton Vance California Municipal Income Trust","13.41","97283850.75","n/a","1999","n/a","n/a","http://www.nasdaq.com/symbol/cev",
"EVV","Eaton Vance Limited Duration Income Fund","12.64","1469438147.52","n/a","2003","n/a","n/a","http://www.nasdaq.com/symbol/evv",
"MAB","Eaton Vance Massachusetts Municipal Bond Fund","14.63","25873359.82","n/a","2002","n/a","n/a","http://www.nasdaq.com/symbol/mab",
"MMV","Eaton Vance Massachusetts Municipal Income Trust","13.9642","38220308.6482","n/a","1999","n/a","n/a","http://www.nasdaq.com/symbol/mmv",
"MIW","Eaton Vance Michigan Municipal Bond Fund","13.95","20925906.75","n/a","2002","n/a","n/a","http://www.nasdaq.com/symbol/miw",
"EMI","Eaton Vance Michigan Municipal Income Trust","13.1399","26725163.7706","n/a","1999","n/a","n/a","http://www.nasdaq.com/symbol/emi",
"EIM","Eaton Vance Municipal Bond Fund","12.88","878007060","n/a","2002","n/a","n/a","http://www.nasdaq.com/symbol/eim",
"EIV","Eaton Vance Municipal Bond Fund II","13.17","131876227.77","n/a","2002","n/a","n/a","http://www.nasdaq.com/symbol/eiv",
"EMJ","Eaton Vance New Jersey Municipal Bond Fund","13.77","35512664.76","n/a","2002","n/a","n/a","http://www.nasdaq.com/symbol/emj",
"EVJ","Eaton Vance New Jersey Municipal Income Trust","12.82","59538105.56","n/a","1999","n/a","n/a","http://www.nasdaq.com/symbol/evj",
"ENX","Eaton Vance New York Municipal Bond Fund","13.0989","205110239.0565","n/a","2002","n/a","n/a","http://www.nasdaq.com/symbol/enx",
"NYH","Eaton Vance New York Municipal Bond Fund II","12.5","31950512.5","n/a","2002","n/a","n/a","http://www.nasdaq.com/symbol/nyh",
"EVY","Eaton Vance New York Municipal Income Trust","14.05","76928751.8","n/a","1999","n/a","n/a","http://www.nasdaq.com/symbol/evy",
"EIO","Eaton Vance Ohio Municipal Bond Fund","13.437","34089655.563","n/a","2002","n/a","n/a","http://www.nasdaq.com/symbol/eio",
"EVO","Eaton Vance Ohio Municipal Income Trust","14.091","40260199.287","n/a","1999","n/a","n/a","http://www.nasdaq.com/symbol/evo",
"EIP","Eaton Vance Pennsylvania Municipal Bond Fund","13.12","38835724.8","n/a","2002","n/a","n/a","http://www.nasdaq.com/symbol/eip",
"EVP","Eaton Vance Pennsylvania Municipal Income Trust","12.06","31984494.84","n/a","1999","n/a","n/a","http://www.nasdaq.com/symbol/evp",
"ELMD","Electromed, Inc.","1.85","15103135.45","n/a","2011","Health Care","Biotechnology: Electromedical & Electrotherapeutic Apparatus","http://www.nasdaq.com/symbol/elmd",
"ETAK","Elephant Talk Communications Corp.","0.295","47678574.665","n/a","n/a","Technology","EDP Services","http://www.nasdaq.com/symbol/etak",
"ELLO","Ellomay Capital Ltd.","8.5","91083484","n/a","n/a","Public Utilities","Electric Utilities: Central","http://www.nasdaq.com/symbol/ello",
"ECF","Ellsworth Growth and Income Fund Ltd.","7.69","98422133.73","n/a","1986","n/a","n/a","http://www.nasdaq.com/symbol/ecf",
"EMAN","eMagin Corporation","1.42","36234311.82","n/a","n/a","Technology","Semiconductors","http://www.nasdaq.com/symbol/eman",
"EOX","Emerald Oil, Inc.","1.2","10450198.8","n/a","n/a","Energy","Oil & Gas Production","http://www.nasdaq.com/symbol/eox",
"MSN","Emerson Radio Corporation","0.93","25230743.76","n/a","n/a","Consumer Non-Durables","Consumer Electronics/Appliances","http://www.nasdaq.com/symbol/msn",
"UUUU","Energy Fuels Inc","2.31","104560172.64","n/a","n/a","Basic Industries","Mining & Quarrying of Nonmetallic Minerals (No Fuels)","http://www.nasdaq.com/symbol/uuuu",
"ENRJ","EnerJex Resources, Inc.","0.35","2948377.6","n/a","n/a","Energy","Oil & Gas Production","http://www.nasdaq.com/symbol/enrj",
"ENRJ^","EnerJex Resources, Inc.","1.28","0","n/a","n/a","n/a","n/a","http://www.nasdaq.com/symbol/enrj^",
"ENSV","ENSERVCO Corporation","0.5619","21417078.0978","n/a","n/a","Energy","Oilfield Services/Equipment","http://www.nasdaq.com/symbol/ensv",
"ESNC","EnSync, Inc.","0.38","17919834.42","n/a","n/a","Public Utilities","Electric Utilities: Central","http://www.nasdaq.com/symbol/esnc",
"EGI","Entree Gold Inc","0.218","32066365.124","n/a","n/a","Basic Industries","Precious Metals","http://www.nasdaq.com/symbol/egi",
"EVI","EnviroStarm, Inc.","3.6","25321435.2","n/a","n/a","Consumer Services","Other Consumer Services","http://www.nasdaq.com/symbol/evi",
"ERB","ERBA Diagnostics, Inc.","1.45","63924713.05","n/a","n/a","Health Care","Major Pharmaceuticals","http://www.nasdaq.com/symbol/erb",
"ERN","Erin Energy Corp.","3.15","666422391.6","n/a","n/a","Energy","Oil & Gas Production","http://www.nasdaq.com/symbol/ern",
"ESP","Espey Mfg. & Electronics Corp.","26.89","63169557.76","n/a","n/a","Capital Goods","Industrial Machinery/Components","http://www.nasdaq.com/symbol/esp",
"EMXX","Eurasian Minerals Inc.","0.43","31619925.3","n/a","n/a","Basic Industries","Precious Metals","http://www.nasdaq.com/symbol/emxx",
"EVBN","Evans Bancorp, Inc.","24.05","102339989.05","n/a","n/a","Finance","Major Banks","http://www.nasdaq.com/symbol/evbn",
"EPM","Evolution Petroleum Corporation, Inc.","4.94","161391489.48","n/a","n/a","Energy","Oil & Gas Production","http://www.nasdaq.com/symbol/epm",
"EPM^A","Evolution Petroleum Corporation, Inc.","25.25","0","n/a","n/a","n/a","n/a","http://www.nasdaq.com/symbol/epm^a",
"XRA","Exeter Resource Corporation","0.34","30058636.02","n/a","n/a","Basic Industries","Mining & Quarrying of Nonmetallic Minerals (No Fuels)","http://www.nasdaq.com/symbol/xra",
"FPP","FieldPoint Petroleum Corporation","0.59","5239259.59","n/a","n/a","Energy","Oil & Gas Production","http://www.nasdaq.com/symbol/fpp",
"FPP.WS","FieldPoint Petroleum Corporation","n/a","0","n/a","n/a","n/a","n/a","http://www.nasdaq.com/symbol/fpp.ws",
"FEN","First Trust Energy Income and Growth Fund","22.16","428911542.24","n/a","2004","n/a","n/a","http://www.nasdaq.com/symbol/fen",
"BDL","Flanigan&#39;s Enterprises, Inc.","20","37172940","n/a","n/a","Consumer Services","Restaurants","http://www.nasdaq.com/symbol/bdl",
"FSI","Flexible Solutions International Inc.","0.93","12255531.63","n/a","n/a","Basic Industries","Major Chemicals","http://www.nasdaq.com/symbol/fsi",
"FTF","Franklin Limited Duration Income Trust","10.94","293582011","n/a","2003","n/a","n/a","http://www.nasdaq.com/symbol/ftf",
"FSP","Franklin Street Properties Corp.","10.42","1043952760.1","n/a","n/a","Consumer Services","Real Estate Investment Trusts","http://www.nasdaq.com/symbol/fsp",
"FRD","Friedman Industries Inc.","5.6","38076886.4","n/a","n/a","Capital Goods","Steel/Iron Ore","http://www.nasdaq.com/symbol/frd",
"GGN","GAMCO Global Gold, Natural Reources & Income Trust ","4.75","535459235","n/a","2005","n/a","n/a","http://www.nasdaq.com/symbol/ggn",
"GGN^B","GAMCO Global Gold, Natural Reources & Income Trust ","22.36","0","n/a","n/a","n/a","n/a","http://www.nasdaq.com/symbol/ggn^b",
"EGAS","Gas Natural Inc.","7.67","80571309.78","n/a","n/a","Public Utilities","Oil/Gas Transmission","http://www.nasdaq.com/symbol/egas",
"GST","Gastar Exploration Inc.","1.4","112206005.8","n/a","n/a","Energy","Oil & Gas Production","http://www.nasdaq.com/symbol/gst",
"GST^A","Gastar Exploration Inc.","9.58","0","n/a","n/a","n/a","n/a","http://www.nasdaq.com/symbol/gst^a",
"GST^B","Gastar Exploration Inc.","11.47","0","n/a","n/a","n/a","n/a","http://www.nasdaq.com/symbol/gst^b",
"JOB","General Employment Enterprises, Inc.","5.85","52014251.25","n/a","n/a","Technology","Diversified Commercial Services","http://www.nasdaq.com/symbol/job",
"GMO","General Moly, Inc","0.19","17279217.12","n/a","n/a","Basic Industries","Precious Metals","http://www.nasdaq.com/symbol/gmo",
"GIG","GigOptix, Inc.","3.05","134576952.55","n/a","n/a","Technology","Semiconductors","http://www.nasdaq.com/symbol/gig",
"GSB","GlobalSCAPE, Inc.","3.74","79732936.58","n/a","n/a","Technology","Computer Software: Prepackaged Software","http://www.nasdaq.com/symbol/gsb",
"GSAT","Globalstar, Inc.","1.46","1515012382.44","n/a","2006","Consumer Services","Telecommunications Equipment","http://www.nasdaq.com/symbol/gsat",
"GLOW","Glowpoint, Inc.","0.5131","18322801","n/a","n/a","Public Utilities","Telecommunications Equipment","http://www.nasdaq.com/symbol/glow",
"GORO","Gold Resource Corporation","1.91","103482594.79","n/a","n/a","Basic Industries","Precious Metals","http://www.nasdaq.com/symbol/goro",
"GSV","Gold Standard Ventures Corporation","0.6639","111382196.9421","n/a","n/a","Basic Industries","Mining & Quarrying of Nonmetallic Minerals (No Fuels)","http://www.nasdaq.com/symbol/gsv",
"AUMN","Golden Minerals Company","0.23","12227451.59","n/a","n/a","Basic Industries","Precious Metals","http://www.nasdaq.com/symbol/aumn",
"GSS","Golden Star Resources, Ltd","0.169","43922609.055","n/a","n/a","Basic Industries","Precious Metals","http://www.nasdaq.com/symbol/gss",
"GV","Goldfield Corporation (The)","1.5","38177031","n/a","n/a","Basic Industries","Water Supply","http://www.nasdaq.com/symbol/gv",
"GRC","Gorman-Rupp Company (The)","27.27","711300399.21","n/a","n/a","Capital Goods","Fluid Controls","http://www.nasdaq.com/symbol/grc",
"GTE","Gran Tierra Energy Inc.","2.09","573703821.24","n/a","n/a","Energy","Oil & Gas Production","http://www.nasdaq.com/symbol/gte",
"GPL","Great Panther Silver Limited","0.5398","76496464.179","n/a","n/a","Basic Industries","Precious Metals","http://www.nasdaq.com/symbol/gpl",
"GRH","GreenHunter Resources, Inc.","0.0962","4068130.3234","n/a","n/a","Basic Industries","Major Chemicals","http://www.nasdaq.com/symbol/grh",
"GRH^C","GreenHunter Resources, Inc.","0.6501","0","n/a","n/a","n/a","n/a","http://www.nasdaq.com/symbol/grh^c",
"SIM","Grupo Simec, S.A. de C.V.","6.6","1094960268.6","n/a","1993","Basic Industries","Steel/Iron Ore","http://www.nasdaq.com/symbol/sim",
"GVP","GSE Systems, Inc.","2.3","41165075.7","n/a","n/a","Technology","Computer Software: Prepackaged Software","http://www.nasdaq.com/symbol/gvp",
"HCHC","HC2 Holdings, Inc.","5.12","131032862.72","n/a","n/a","Public Utilities","Telecommunications Equipment","http://www.nasdaq.com/symbol/hchc",
"HEB","Hemispherx BioPharma, Inc.","0.0866","21434971.0742","n/a","n/a","Health Care","Biotechnology: Biological Products (No Diagnostic Substances)","http://www.nasdaq.com/symbol/heb",
"HLM^","Hillman Group Capital Trust","30.48","0","n/a","n/a","n/a","n/a","http://www.nasdaq.com/symbol/hlm^",
"HMG","HMG/Courtland Properties, Inc.","10.38","10748417.34","n/a","n/a","Consumer Services","Real Estate Investment Trusts","http://www.nasdaq.com/symbol/hmg",
"HH","Hooper Holmes, Inc.","0.0611","4763250.297","n/a","n/a","Health Care","Hospital/Nursing Management","http://www.nasdaq.com/symbol/hh",
"HUSA","Houston American Energy Corporation","0.1796","9369722.122","n/a","n/a","Energy","Oil & Gas Production","http://www.nasdaq.com/symbol/husa",
"IBIO","iBio, Inc.","0.5701","44083216.241","n/a","n/a","Health Care","Major Pharmaceuticals","http://www.nasdaq.com/symbol/ibio",
"IBO","IBO (Listing Market - NYSE Amex Network B F)","153.82","0","n/a","n/a","n/a","n/a","http://www.nasdaq.com/symbol/ibo",
"IDI","IDI, Inc.","7.1","110783330.6","n/a","n/a","Consumer Services","Advertising","http://www.nasdaq.com/symbol/idi",
"IEC","IEC Electronics Corp.","3.01","30707237.4","n/a","n/a","Technology","Electrical Products","http://www.nasdaq.com/symbol/iec",
"IMUC","ImmunoCellular Therapeutics, Ltd.","0.375","33866305.875","n/a","n/a","Health Care","Major Pharmaceuticals","http://www.nasdaq.com/symbol/imuc",
"IMH","Impac Mortgage Holdings, Inc.","18.46","190555232.92","n/a","1997","Consumer Services","Real Estate Investment Trusts","http://www.nasdaq.com/symbol/imh",
"IMO","Imperial Oil Limited","32.62","27648679738.82","n/a","n/a","Energy","Integrated oil Companies","http://www.nasdaq.com/symbol/imo",
"IOT","Income Opportunity Realty Investors, Inc.","7.68","32011883.52","n/a","n/a","Consumer Services","Real Estate Investment Trusts","http://www.nasdaq.com/symbol/iot",
"IRT","Independence Realty Trust, Inc.","7.71","362914927.38","n/a","2013","Consumer Services","Real Estate Investment Trusts","http://www.nasdaq.com/symbol/irt",
"IGC","India Globalization Capital Inc.","0.2201","3596487.4843","n/a","n/a","Consumer Non-Durables","Electronic Components","http://www.nasdaq.com/symbol/igc",
"IGC.WS","India Globalization Capital Inc.","n/a","0","n/a","n/a","n/a","n/a","http://www.nasdaq.com/symbol/igc.ws",
"INFU","InfuSystems Holdings, Inc.","3","67543452","n/a","n/a","Health Care","Medical/Dental Instruments","http://www.nasdaq.com/symbol/infu",
"IHT","InnSuites Hospitality Trust","2.1","19856787.3","n/a","n/a","Consumer Services","Real Estate Investment Trusts","http://www.nasdaq.com/symbol/iht",
"NSPR","InspireMD, Inc.","0.8","6228214.4","n/a","n/a","Health Care","Medical/Dental Instruments","http://www.nasdaq.com/symbol/nspr",
"IFMI","Institutional Financial Markets, Inc.","1.2","16059373.2","n/a","n/a","Finance","Investment Bankers/Brokers/Service","http://www.nasdaq.com/symbol/ifmi",
"IDN","Intellicheck Mobilisa, Inc.","1.15","11360741.9","n/a","1999","Technology","Computer Software: Prepackaged Software","http://www.nasdaq.com/symbol/idn",
"INS","Intelligent Systems Corporation","3.18","27765530.82","n/a","1992","Capital Goods","Metal Fabrications","http://www.nasdaq.com/symbol/ins",
"THM","International Tower Hill Mines Ltd","0.2","23262727.6","n/a","n/a","Basic Industries","Precious Metals","http://www.nasdaq.com/symbol/thm",
"INTT","inTest Corporation","3.8","40138176.4","n/a","1997","Capital Goods","Electrical Products","http://www.nasdaq.com/symbol/intt",
"INUV","Inuvo, Inc","2.66","64839843.46","n/a","n/a","Consumer Services","Advertising","http://www.nasdaq.com/symbol/inuv",
"VKI","Invesco Advantage Municipal Income Trust II","11.63","516150460.13","n/a","n/a","n/a","n/a","http://www.nasdaq.com/symbol/vki",
"ISR","IsoRay, Inc.","0.95","52262875.35","n/a","n/a","Health Care","Medical/Dental Instruments","http://www.nasdaq.com/symbol/isr",
"ISDR","Issuer Direct Corporation","5.82","16121656.08","n/a","n/a","Miscellaneous","Publishing","http://www.nasdaq.com/symbol/isdr",
"ITI","Iteris, Inc.","2.04","65227080.36","n/a","n/a","Consumer Durables","Telecommunications Equipment","http://www.nasdaq.com/symbol/iti",
"KIQ","Kelso Technologies Inc","1.2499","57522587.8248","n/a","n/a","Capital Goods","Railroads","http://www.nasdaq.com/symbol/kiq",
"KLDX","Klondex Mines Ltd.","2.05","285785709.15","n/a","n/a","Basic Industries","Precious Metals","http://www.nasdaq.com/symbol/kldx",
"LTS","Ladenburg Thalmann Financial Services Inc","2.91","533170691.79","n/a","n/a","Finance","Investment Bankers/Brokers/Service","http://www.nasdaq.com/symbol/lts",
"LTS^A","Ladenburg Thalmann Financial Services Inc","24.25","0","n/a","n/a","n/a","n/a","http://www.nasdaq.com/symbol/lts^a",
"LSG","Lake Shore Gold Corp","0.8451","391457823.6429","n/a","n/a","Basic Industries","Precious Metals","http://www.nasdaq.com/symbol/lsg",
"LAQ","Latin America Equity Fund, Inc. (The)","15.9115","118517078.2455","n/a","1991","n/a","n/a","http://www.nasdaq.com/symbol/laq",
"LGL","LGL Group, Inc. (The)","3.53","9364309.87","n/a","n/a","Capital Goods","Industrial Machinery/Components","http://www.nasdaq.com/symbol/lgl",
"LGL.WS","LGL Group, Inc. (The)","n/a","0","n/a","n/a","n/a","n/a","http://www.nasdaq.com/symbol/lgl.ws",
"LBY","Libbey, Inc.","21.52","470079673.52","n/a","1993","Capital Goods","Industrial Machinery/Components","http://www.nasdaq.com/symbol/lby",
"LBMH","Liberator Medical Holdings, Inc.","3.33","179440306.74","n/a","n/a","Health Care","Medical/Nursing Services","http://www.nasdaq.com/symbol/lbmh",
"LIQT","LiqTech International, Inc.","0.9513","37606824.8955","n/a","n/a","Technology","Industrial Machinery/Components","http://www.nasdaq.com/symbol/liqt",
"LEI","Lucas Energy, Inc.","1.74","2549514.12","n/a","n/a","Energy","Oil & Gas Production","http://www.nasdaq.com/symbol/lei",
"MCZ","Mad Catz Interactive Inc","0.4139","30409055.4369","n/a","n/a","Consumer Non-Durables","Recreational Products/Toys","http://www.nasdaq.com/symbol/mcz",
"MVG","Mag Silver Corporation","6.96","483075406.56","n/a","n/a","Basic Industries","Precious Metals","http://www.nasdaq.com/symbol/mvg",
"MJCO","Majesco","5.68","207043707.76","n/a","2015","Technology","Computer Software: Prepackaged Software","http://www.nasdaq.com/symbol/mjco",
"MSTX","Mast Therapeutics, Inc.","0.4106","67180030.3482","n/a","n/a","Health Care","Major Pharmaceuticals","http://www.nasdaq.com/symbol/mstx",
"MHH","Mastech Holdings, Inc","7.2632","31618082.3448","n/a","n/a","Consumer Services","Professional Services","http://www.nasdaq.com/symbol/mhh",
"MDGN","Medgenics, Inc.","6","197164302","n/a","2011","Health Care","Biotechnology: Biological Products (No Diagnostic Substances)","http://www.nasdaq.com/symbol/mdgn",
"MDGN.WS","Medgenics, Inc.","n/a","0","n/a","n/a","n/a","n/a","http://www.nasdaq.com/symbol/mdgn.ws",
"IPB","Merrill Lynch & Co., Inc.","26.4001","0","n/a","n/a","Finance","Finance: Consumer Services","http://www.nasdaq.com/symbol/ipb",
"MXC","Mexco Energy Corporation","2.525","5144096.65","n/a","n/a","Energy","Oil & Gas Production","http://www.nasdaq.com/symbol/mxc",
"CCA","MFS California Insured Municipal Trust","11.867","33064286.346","n/a","1999","n/a","n/a","http://www.nasdaq.com/symbol/cca",
"MGT","MGT Capital Investments Inc","0.225","3869924.625","n/a","n/a","Miscellaneous","Multi-Sector Companies","http://www.nasdaq.com/symbol/mgt",
"MLSS","Milestone Scientific, Inc.","2.25","48326058","n/a","2015","Health Care","Industrial Specialties","http://www.nasdaq.com/symbol/mlss",
"MGH","Minco Gold Corporation","0.154","7794383.674","n/a","n/a","Basic Industries","Precious Metals","http://www.nasdaq.com/symbol/mgh",
"MGN","Mines Management, Inc.","0.215","6410018.6","n/a","n/a","Basic Industries","Precious Metals","http://www.nasdaq.com/symbol/mgn",
"MVF","MuniVest Fund, Inc.","10.27","657716505.81","n/a","n/a","n/a","n/a","http://www.nasdaq.com/symbol/mvf",
"MZA","MuniYield Arizona Fund, Inc.","16.72","76925242.24","n/a","1993","n/a","n/a","http://www.nasdaq.com/symbol/mza",
"NNVC","NanoViricides, Inc.","1.26","72557100","n/a","n/a","Health Care","Biotechnology: Commercial Physical & Biological Resarch","http://www.nasdaq.com/symbol/nnvc",
"NHC","National HealthCare Corporation","63.16","941464981.12","n/a","n/a","Health Care","Hospital/Nursing Management","http://www.nasdaq.com/symbol/nhc",
"NAVB","Navidea Biopharmaceuticals, Inc.","1.39","216422534.35","n/a","n/a","Health Care","Biotechnology: In Vitro & In Vivo Diagnostic Substances","http://www.nasdaq.com/symbol/navb",
"NTIP","Network-1 Technologies, Inc.","1.97","45740545.47","n/a","n/a","Technology","Computer Software: Prepackaged Software","http://www.nasdaq.com/symbol/ntip",
"NBW","Neuberger Berman California Intermediate Municipal Fund Inc.","15.9","88125352.5","n/a","2002","n/a","n/a","http://www.nasdaq.com/symbol/nbw",
"NHS","Neuberger Berman High Yield Strategies Fund","10.08","196969096.8","n/a","n/a","n/a","n/a","http://www.nasdaq.com/symbol/nhs",
"NBH","Neuberger Berman Intermediate Municipal Fund Inc.","15.59","292561940","n/a","2002","n/a","n/a","http://www.nasdaq.com/symbol/nbh",
"NML","Neuberger Berman MLP Income Fund Inc.","7.5","423926490","n/a","2013","n/a","n/a","http://www.nasdaq.com/symbol/nml",
"NBO","Neuberger Berman New York Intermediate Municipal Fund Inc.","14.06","71368560","n/a","2002","n/a","n/a","http://www.nasdaq.com/symbol/nbo",
"NRO","Neuberger Berman Real Estate Securities Income Fund, Inc.","4.95","276149837.7","n/a","2003","n/a","n/a","http://www.nasdaq.com/symbol/nro",
"UWN","Nevada Gold & Casinos, Inc.","2.04","36183845.16","n/a","n/a","Consumer Services","Services-Misc. Amusement & Recreation","http://www.nasdaq.com/symbol/uwn",
"NSU","Nevsun Resources Ltd","2.75","549399039.75","n/a","n/a","Basic Industries","Precious Metals","http://www.nasdaq.com/symbol/nsu",
"GBR","New Concept Energy, Inc","1.132","2203929.288","n/a","n/a","Energy","Oil & Gas Production","http://www.nasdaq.com/symbol/gbr",
"NEN","New England Realty Associates Limited Partnership","51.44","193864860.08","n/a","n/a","Consumer Services","Building operators","http://www.nasdaq.com/symbol/nen",
"NGD","NEW GOLD INC.","2.29","1165987653.06","n/a","n/a","Basic Industries","Precious Metals","http://www.nasdaq.com/symbol/ngd",
"HLTH","Nobilis Health Corp.","2.86","191725408.16","n/a","2015","Health Care","Hospital/Nursing Management","http://www.nasdaq.com/symbol/hlth",
"NSAT","Norsat International Inc.","4.39","25600978.62","n/a","n/a","Capital Goods","Industrial Machinery/Components","http://www.nasdaq.com/symbol/nsat",
"NAK","Northern Dynasty Minerals, Ltd.","0.2805","50897831.0115","n/a","n/a","Basic Industries","Precious Metals","http://www.nasdaq.com/symbol/nak",
"NOG","Northern Oil and Gas, Inc.","3.98","250583343.22","n/a","n/a","Energy","Oil & Gas Production","http://www.nasdaq.com/symbol/nog",
"NBY","NovaBay Pharmaceuticals, Inc.","2.26","314908.4","n/a","2007","Health Care","Major Pharmaceuticals","http://www.nasdaq.com/symbol/nby",
"NCQ","NovaCopper Inc.","0.3089","32371614.4469","n/a","n/a","Basic Industries","Precious Metals","http://www.nasdaq.com/symbol/ncq",
"NG","Novagold Resources Inc.","4.26","1354282452.54","n/a","n/a","Basic Industries","Precious Metals","http://www.nasdaq.com/symbol/ng",
"NTN","NTN Buzztime, Inc.","0.1599","14776719.5745","n/a","n/a","Consumer Services","Broadcasting","http://www.nasdaq.com/symbol/ntn",
"NVX","Nuveen California Dividend Advantage Municipal Fund 2","15.28","225521141.36","n/a","2001","n/a","n/a","http://www.nasdaq.com/symbol/nvx",
"NZH","Nuveen California Dividend Advantage Municipal Fund 3","14.03","338850932.52","n/a","n/a","n/a","n/a","http://www.nasdaq.com/symbol/nzh",
"NCB","Nuveen California Municipal Value Fund 2","17.29","56847791","n/a","n/a","n/a","n/a","http://www.nasdaq.com/symbol/ncb",
"CFD","Nuveen Diversified Commodity Fund","8.85","80066304","n/a","2010","n/a","n/a","http://www.nasdaq.com/symbol/cfd",
"NXZ","Nuveen Dividend Advantage Municipal Fund 2","14.04","413876904.48","n/a","2001","n/a","n/a","http://www.nasdaq.com/symbol/nxz",
"NZF","Nuveen Dividend Advantage Municipal Fund 3","14.18","557666318.06","n/a","2007","n/a","n/a","http://www.nasdaq.com/symbol/nzf",
"NVG","Nuveen Dividend Advantage Municipal Income Fund","14.39","383696830.7","n/a","2002","n/a","n/a","http://www.nasdaq.com/symbol/nvg",
"CTF","Nuveen Long/Short Commodity Total Return Fund","15.61","255158562.4","n/a","n/a","n/a","n/a","http://www.nasdaq.com/symbol/ctf",
"NOM","Nuveen Missouri Premium Income Municipal Fund","15.27","35638057.47","n/a","1993","n/a","n/a","http://www.nasdaq.com/symbol/nom",
"NMZ","Nuveen Municipal High Income Opportunity Fund","13.76","689074738.56","n/a","2003","n/a","n/a","http://www.nasdaq.com/symbol/nmz",
"NJV","Nuveen New Jersey Municipal Value Fund","14.37","22274017.32","n/a","n/a","n/a","n/a","http://www.nasdaq.com/symbol/njv",
"NYV","Nuveen New York Municipal Value Fund 2","15.25","35831583","n/a","2009","n/a","n/a","http://www.nasdaq.com/symbol/nyv",
"NPN","Nuveen Pennsylvania Municipal Value Fund","15.1","18412215.2","n/a","2009","n/a","n/a","http://www.nasdaq.com/symbol/npn",
"JRS","Nuveen Real Estate Fund","10.545","304671106.695","n/a","2001","n/a","n/a","http://www.nasdaq.com/symbol/jrs",
"OGEN","Oragenics, Inc.","1.55","56540180.8","n/a","n/a","Health Care","Major Pharmaceuticals","http://www.nasdaq.com/symbol/ogen",
"TIS","Orchids Paper Products Company","32.1","329631401.1","n/a","2005","Basic Industries","Paper","http://www.nasdaq.com/symbol/tis",
"ONVO","Organovo Holdings, Inc.","2.67","246744605.7","n/a","n/a","Health Care","Biotechnology: Biological Products (No Diagnostic Substances)","http://www.nasdaq.com/symbol/onvo",
"ONP","Orient Paper, Inc.","1.419","28828971.6","n/a","n/a","Consumer Durables","Containers/Packaging","http://www.nasdaq.com/symbol/onp",
"OSG","Overseas Shipholding Group, Inc.","2.87","1008008887.83","n/a","2015","Transportation","Marine Transportation","http://www.nasdaq.com/symbol/osg",
"OSGB","Overseas Shipholding Group, Inc.","3.3","22721546.1","n/a","n/a","Transportation","Marine Transportation","http://www.nasdaq.com/symbol/osgb",
"ORM","Owens Realty Mortgage, Inc.","13.55","139920077.75","n/a","2013","Consumer Services","Real Estate Investment Trusts","http://www.nasdaq.com/symbol/orm",
"PHF","Pacholder High Yield Fund, Inc.","6.0204","78244790.844","n/a","n/a","n/a","n/a","http://www.nasdaq.com/symbol/phf",
"PBM","Pacific Booker Minerals Inc","1.58","19973315.62","n/a","n/a","Basic Industries","Precious Metals","http://www.nasdaq.com/symbol/pbm",
"PCG^A","Pacific Gas & Electric Co.","29.2","0","n/a","n/a","n/a","n/a","http://www.nasdaq.com/symbol/pcg^a",
"PCG^B","Pacific Gas & Electric Co.","26.95","0","n/a","n/a","n/a","n/a","http://www.nasdaq.com/symbol/pcg^b",
"PCG^C","Pacific Gas & Electric Co.","24.95","0","n/a","n/a","n/a","n/a","http://www.nasdaq.com/symbol/pcg^c",
"PCG^D","Pacific Gas & Electric Co.","24.6536","0","n/a","n/a","n/a","n/a","http://www.nasdaq.com/symbol/pcg^d",
"PCG^E","Pacific Gas & Electric Co.","25.94","0","n/a","n/a","n/a","n/a","http://www.nasdaq.com/symbol/pcg^e",
"PCG^G","Pacific Gas & Electric Co.","24.22","0","n/a","n/a","n/a","n/a","http://www.nasdaq.com/symbol/pcg^g",
"PCG^H","Pacific Gas & Electric Co.","24","0","n/a","n/a","n/a","n/a","http://www.nasdaq.com/symbol/pcg^h",
"PCG^I","Pacific Gas & Electric Co.","23.25","0","n/a","n/a","n/a","n/a","http://www.nasdaq.com/symbol/pcg^i",
"PTN","Palatin Technologies, Inc.","0.67","45580105.36","n/a","n/a","Health Care","Major Pharmaceuticals","http://www.nasdaq.com/symbol/ptn",
"PARR","Par Pacific Holdings, Inc.","23.26","872968734","n/a","n/a","Energy","Oil & Gas Production","http://www.nasdaq.com/symbol/parr",
"PZG","Paramount Gold Nevada Corp.","1.13","9626233.83","n/a","2015","Basic Industries","Precious Metals","http://www.nasdaq.com/symbol/pzg",
"PRK","Park National Corporation","92.16","1414731294.72","n/a","n/a","Finance","Major Banks","http://www.nasdaq.com/symbol/prk",
"PED","Pedevco Corp.","0.17","7690204.49","n/a","n/a","Energy","Oil & Gas Production","http://www.nasdaq.com/symbol/ped",
"PFNX","Pfenex Inc.","11.84","275762124.8","n/a","2014","Health Care","Major Pharmaceuticals","http://www.nasdaq.com/symbol/pfnx",
"PIP","PharmAthene, Inc","1.84","118590454.56","n/a","n/a","Health Care","Major Pharmaceuticals","http://www.nasdaq.com/symbol/pip",
"HNW","Pioneer Diversified High Income Trust","14.72","122658668.8","n/a","2007","n/a","n/a","http://www.nasdaq.com/symbol/hnw",
"PLG","Platinum Group Metals Ltd.","0.15","116387206.2","n/a","n/a","Basic Industries","Precious Metals","http://www.nasdaq.com/symbol/plg",
"PLM","Polymet Mining Corp.","0.83","230313926.97","n/a","n/a","Basic Industries","Precious Metals","http://www.nasdaq.com/symbol/plm",
"PW","Power REIT","4.1601","7249756.3488","n/a","n/a","Consumer Services","Real Estate Investment Trusts","http://www.nasdaq.com/symbol/pw",
"PW^A","Power REIT","24.67","0","n/a","n/a","n/a","n/a","http://www.nasdaq.com/symbol/pw^a",
"PLX","Protalix BioTherapeutics, Inc.","1.01","100798400.97","n/a","n/a","Health Care","Biotechnology: Biological Products (No Diagnostic Substances)","http://www.nasdaq.com/symbol/plx",
"PVCT","Provectus Biopharmaceuticals, Inc.","0.39","79808483.04","n/a","n/a","Health Care","Major Pharmaceuticals","http://www.nasdaq.com/symbol/pvct",
"PVCT.WS","Provectus Biopharmaceuticals, Inc.","n/a","0","n/a","n/a","n/a","n/a","http://www.nasdaq.com/symbol/pvct.ws",
"RLGT","Radiant Logistics, Inc.","3.54","172522133.64","n/a","n/a","Transportation","Oil Refining/Marketing","http://www.nasdaq.com/symbol/rlgt",
"RLGT^A","Radiant Logistics, Inc.","25.0001","0","n/a","n/a","n/a","n/a","http://www.nasdaq.com/symbol/rlgt^a",
"REE","Rare Element Resources Ltd.","0.16","8470700.8","n/a","n/a","Basic Industries","Precious Metals","http://www.nasdaq.com/symbol/ree",
"UTG","Reaves Utility Income Fund","26.23","826302233.86","n/a","2004","n/a","n/a","http://www.nasdaq.com/symbol/utg",
"REED","Reeds, Inc.","5.42","71261157.3","n/a","n/a","Consumer Non-Durables","Beverages (Production/Distribution)","http://www.nasdaq.com/symbol/reed",
"RWC","RELM Wireless Corporation","3.84","52678640.64","n/a","n/a","Technology","Radio And Television Broadcasting And Communications Equipment","http://www.nasdaq.com/symbol/rwc",
"RCG","RENN Fund, Inc.","1.0416","4649668.0272","n/a","n/a","n/a","n/a","http://www.nasdaq.com/symbol/rcg",
"RVP","Retractable Technologies, Inc.","2.82","78655084.68","n/a","n/a","Health Care","Medical/Dental Instruments","http://www.nasdaq.com/symbol/rvp",
"RNN","Rexahn Pharmaceuticals, Inc.","0.4","72298847.2","n/a","n/a","Health Care","Major Pharmaceuticals","http://www.nasdaq.com/symbol/rnn",
"RIC","Richmont Mines, Inc.","3.21","187084266.63","n/a","n/a","Basic Industries","Precious Metals","http://www.nasdaq.com/symbol/ric",
"REI","Ring Energy, Inc.","7.05","214258961.1","n/a","n/a","Energy","Oil & Gas Production","http://www.nasdaq.com/symbol/rei",
"RIF","RMR Real Estate Income Fund.","18.8799","144459687.0093","n/a","n/a","n/a","n/a","http://www.nasdaq.com/symbol/rif",
"RBY","Rubicon Minerals Corp","0.0859","33924336.3314","n/a","n/a","Basic Industries","Precious Metals","http://www.nasdaq.com/symbol/rby",
"SGA","Saga Communications, Inc.","38.07","221250581.46","n/a","n/a","Consumer Services","Broadcasting","http://www.nasdaq.com/symbol/sga",
"SSN","Samson Oil & Gas Limited","0.4401","6244654.1571","n/a","n/a","Energy","Oil & Gas Production","http://www.nasdaq.com/symbol/ssn",
"SPP","Sanchez Production Partners LP","11.5","35055254.5","n/a","n/a","Energy","Oil & Gas Production","http://www.nasdaq.com/symbol/spp",
"SAND          ","Sandstorm Gold Ltd","2.69","345149752.02","n/a","n/a","Basic Industries","Precious Metals","http://www.nasdaq.com/symbol/sand          ",
"SEB","Seaboard Corporation","2961","3465998550","n/a","1996","Finance","Investment Bankers/Brokers/Service","http://www.nasdaq.com/symbol/seb",
"SVT","Servotronics, Inc.","8.35","20359045.15","n/a","n/a","Capital Goods","Industrial Machinery/Components","http://www.nasdaq.com/symbol/svt",
"SIF","SIFCO Industries, Inc.","10.34","56332392.38","n/a","n/a","Capital Goods","Aerospace","http://www.nasdaq.com/symbol/sif",
"SKY","Skyline Corporation","2.83","23747220.52","n/a","n/a","Basic Industries","Homebuilding","http://www.nasdaq.com/symbol/sky",
"SLI","SL Industries, Inc.","30.7","121602700","n/a","n/a","Capital Goods","Industrial Machinery/Components","http://www.nasdaq.com/symbol/sli",
"XPL","Solitario Exploration & Royalty Corp","0.48","18838890.72","n/a","n/a","Basic Industries","Precious Metals","http://www.nasdaq.com/symbol/xpl",
"SCE^B","Southern California Edison Company","22.1","0","n/a","n/a","n/a","n/a","http://www.nasdaq.com/symbol/sce^b",
"SCE^C","Southern California Edison Company","23.4","0","n/a","n/a","n/a","n/a","http://www.nasdaq.com/symbol/sce^c",
"SCE^D","Southern California Edison Company","23.9379","0","n/a","n/a","n/a","n/a","http://www.nasdaq.com/symbol/sce^d",
"SCE^E","Southern California Edison Company","24.7055","0","n/a","n/a","n/a","n/a","http://www.nasdaq.com/symbol/sce^e",
"SGB","Southwest Georgia Financial Corporation","15","38217555","n/a","n/a","Finance","Major Banks","http://www.nasdaq.com/symbol/sgb",
"LOV","Spark Networks, Inc.","3.9","100194482.7","n/a","n/a","Miscellaneous","Business Services","http://www.nasdaq.com/symbol/lov",
"STRP","Straight Path Communications Inc.","18.36","222909494.4","n/a","2013","Public Utilities","Telecommunications Equipment","http://www.nasdaq.com/symbol/strp",
"SSY","SunLink Health Systems, Inc.","0.9301","8783313.7808","n/a","n/a","Health Care","Hospital/Nursing Management","http://www.nasdaq.com/symbol/ssy",
"SDPI","Superior Drilling Products, Inc.","1.01","17606596.74","n/a","2014","Energy","Metal Fabrications","http://www.nasdaq.com/symbol/sdpi",
"STS","Supreme Industries, Inc.","6.89","115187467.85","n/a","n/a","Capital Goods","Construction/Ag Equipment/Trucks","http://www.nasdaq.com/symbol/sts",
"SYRG","Synergy Resources Corporation","8.82","927080193.06","n/a","n/a","Energy","Oil & Gas Production","http://www.nasdaq.com/symbol/syrg",
"SYN","Synthetic Biologics, Inc","2.25","204322693.5","n/a","n/a","Health Care","Major Pharmaceuticals","http://www.nasdaq.com/symbol/syn",
"TRX","Tanzanian Royalty Exploration Corporation","0.261","28162827.594","n/a","n/a","Basic Industries","Precious Metals","http://www.nasdaq.com/symbol/trx",
"TGB","Taseko Mines Limited","0.3425","75969458.515","n/a","n/a","Basic Industries","Precious Metals","http://www.nasdaq.com/symbol/tgb",
"TAS","Tasman Metals Ltd","0.1714","11336725.4308","n/a","n/a","Basic Industries","Precious Metals","http://www.nasdaq.com/symbol/tas",
"TRC.WS","Tejon Ranch Co","n/a","0","n/a","n/a","n/a","n/a","http://www.nasdaq.com/symbol/trc.ws",
"TIK","Tel-Instrument Electronics Corp.","4.73","15405075.51","n/a","n/a","Capital Goods","Electrical Products","http://www.nasdaq.com/symbol/tik",
"TGC","Tengasco, Inc.","0.1185","7209825.9405","n/a","n/a","Energy","Oil & Gas Production","http://www.nasdaq.com/symbol/tgc",
"GLU","The Gabelli Global Utility and Income Trust","16.62","68331650.82","n/a","2004","n/a","n/a","http://www.nasdaq.com/symbol/glu",
"GLU^A","The Gabelli Global Utility and Income Trust","50.85","0","n/a","n/a","n/a","n/a","http://www.nasdaq.com/symbol/glu^a",
"TXMD","TherapeuticsMD, Inc.","10.89","1936765166.49","n/a","n/a","Health Care","Major Pharmaceuticals","http://www.nasdaq.com/symbol/txmd",
"TPI","Tianyin Pharmaceutical Co., Inc.","0.17","5003574.47","n/a","n/a","Health Care","Major Pharmaceuticals","http://www.nasdaq.com/symbol/tpi",
"TLR","Timberline Resources Corporation","0.2","1980016.8","n/a","n/a","Basic Industries","Precious Metals","http://www.nasdaq.com/symbol/tlr",
"TGD","Timmons Gold Corp","0.1364","43005399.14","n/a","2011","Basic Industries","Precious Metals","http://www.nasdaq.com/symbol/tgd",
"TOF","Tofutti Brands Inc.","4.1842","21564136.6452","n/a","n/a","Consumer Non-Durables","Specialty Foods","http://www.nasdaq.com/symbol/tof",
"TMP","Tompkins Financial Corporation","57.76","860697701.76","n/a","n/a","Finance","Major Banks","http://www.nasdaq.com/symbol/tmp",
"TAT","Transatlantic Petroleum Ltd","1.28","52488733.44","n/a","n/a","Energy","Oil & Gas Production","http://www.nasdaq.com/symbol/tat",
"TRXC","TransEnterix, Inc.","2.49","249355283.16","n/a","n/a","Health Care","Medical/Dental Instruments","http://www.nasdaq.com/symbol/trxc",
"TPLM","Triangle Petroleum Corporation","0.6919","52385896.6576","n/a","n/a","Energy","Oil & Gas Production","http://www.nasdaq.com/symbol/tplm",
"TPHS","Trinity Place Holdings Inc.","6.2","124817953.6","n/a","n/a","Consumer Services","Clothing/Shoe/Accessory Stores","http://www.nasdaq.com/symbol/tphs",
"TRT","Trio-Tech International","3.02","10609426.1","n/a","n/a","Technology","Industrial Machinery/Components","http://www.nasdaq.com/symbol/trt",
"HTM","U.S. Geothermal Inc.","0.619","66605282.075","n/a","n/a","Public Utilities","Electric Utilities: Central","http://www.nasdaq.com/symbol/htm",
"UFAB","Unique Fabricating, Inc.","12.17","116732948.37","n/a","2015","Capital Goods","Auto Parts:O.E.M.","http://www.nasdaq.com/symbol/ufab",
"UAMY","United States Antimony Corporation","0.2406","15955696.4868","n/a","n/a","Capital Goods","Metal Fabrications","http://www.nasdaq.com/symbol/uamy",
"UUU","Universal Security Instruments, Inc.","4.6","10639280.2","n/a","n/a","Consumer Non-Durables","Electronic Components","http://www.nasdaq.com/symbol/uuu",
"UQM","UQM TECHNOLOGIES INC","0.675","32695524.45","n/a","n/a","Capital Goods","Industrial Machinery/Components","http://www.nasdaq.com/symbol/uqm",
"URG","Ur Energy Inc","0.63","82018928.25","n/a","n/a","Basic Industries","Precious Metals","http://www.nasdaq.com/symbol/urg",
"UEC","Uranium Energy Corp.","1.02","101226815.52","n/a","n/a","Basic Industries","Precious Metals","http://www.nasdaq.com/symbol/uec",
"VSR","Versar, Inc.","3.06","30058129.08","n/a","1986","Consumer Services","Military/Government/Technical","http://www.nasdaq.com/symbol/vsr",
"VII","Vicon Industries, Inc.","1.95","17949354.15","n/a","n/a","Consumer Durables","Telecommunications Equipment","http://www.nasdaq.com/symbol/vii",
"VHC","VirnetX Holding Corp","2.6","137920400.8","n/a","n/a","Miscellaneous","Multi-Sector Companies","http://www.nasdaq.com/symbol/vhc",
"VGZ","Vista Gold Corporation","0.31","25634303.93","n/a","n/a","Basic Industries","Precious Metals","http://www.nasdaq.com/symbol/vgz",
"VNRX","VolitionRX Limited","4.37","80723579.55","n/a","2015","Health Care","Biotechnology: In Vitro & In Vivo Diagnostic Substances","http://www.nasdaq.com/symbol/vnrx",
"VISI","Volt Information Sciences, Inc.","8.17","169933679.72","n/a","n/a","Technology","Professional Services","http://www.nasdaq.com/symbol/visi",
"EAD","Wells Fargo Income Opportunities Fund","7.37","523144717.37","n/a","2003","n/a","n/a","http://www.nasdaq.com/symbol/ead",
"ERC","Wells Fargo Multi-Sector Income Fund","11.31","475642050","n/a","2003","n/a","n/a","http://www.nasdaq.com/symbol/erc",
"ERH","Wells Fargo Utilities and High Income Fund","11.36","104884971.52","n/a","2004","n/a","n/a","http://www.nasdaq.com/symbol/erh",
"SBI","Western Asset Intermediate Muni Fund Inc","10.1","142176831.4","n/a","1992","n/a","n/a","http://www.nasdaq.com/symbol/sbi",
"WRN","Western Copper and Gold Corporation","0.25","23548734","n/a","2011","Basic Industries","Precious Metals","http://www.nasdaq.com/symbol/wrn",
"WYY","WidePoint Corporation","0.74","61065315.04","n/a","n/a","Technology","EDP Services","http://www.nasdaq.com/symbol/wyy",
"WTT","Wireless Telecom Group,  Inc.","1.5754","30919517.207","n/a","n/a","Capital Goods","Electrical Products","http://www.nasdaq.com/symbol/wtt",
"XTNT","Xtant Medical Holdings, Inc.","2.51","29834113.51","n/a","n/a","Health Care","Biotechnology: Biological Products (No Diagnostic Substances)","http://www.nasdaq.com/symbol/xtnt",
"YUMA","Yuma Energy, Inc.","0.2","14332944","n/a","n/a","Energy","Oil & Gas Production","http://www.nasdaq.com/symbol/yuma",
"YUMA^A","Yuma Energy, Inc.","4","0","n/a","n/a","n/a","n/a","http://www.nasdaq.com/symbol/yuma^a",
